{
  "theta_star": [
    3.177712875800232,
    -1.5509200314376483,
    0.4752022966621028,
    -0.134129579116073,
    -3.0603680046279083,
    2.661553510315002,
    1.6407891386714126,
    1.7973950398499334,
    -2.336630959119489,
    -0.46822886711370243,
    0.09592755315892584,
    1.032690926044934,
    1.474579649455553,
    2.0279710262254236,
    -0.35553907452318423,
    -2.565325391931455,
    0.23328315759366552,
    -2.1835139209290584,
    3.0589409807936807,
    0.11668278654828353
  ],
  "x0": [
    2.1914318204351364,
    1.488246350184719,
    1.5139041288046076,
    2.0197586705899844,
    1.5707963267948966,
    1.5707963267948966
  ],
  "D_IN": 6,
  "N_QUBITS": 6,
  "train_acc": 0.872,
  "val_acc": 0.9083333333333333,
  "test_acc": 0.86,
  "n_params": 20
}