{
  "theta_star": [
    -0.10540018801234112,
    3.055736354828944,
    1.624015263579006,
    -1.3044021550466625,
    3.494663354694243,
    0.4577971698747017,
    -0.7069941957612802,
    -1.3299737473870694,
    1.1466530692017987,
    -3.2777217346105374,
    -0.3516250416249306,
    -1.776226319713812,
    0.4459857207338858,
    1.035788480008214,
    1.289092092525102,
    0.28044327106092654,
    -1.414909084787899,
    0.32011973970211055,
    -2.9431385403893957,
    -2.9071079330012255
  ],
  "x0": [
    0.8215762175644951,
    1.2419508132817094,
    1.337375854325055,
    0.9893909978891832,
    1.2220269780081423,
    1.4302035021552497
  ],
  "D_IN": 6,
  "N_QUBITS": 6,
  "train_acc": 0.9733333333333334,
  "val_acc": 0.9466666666666667,
  "test_acc": 0.96,
  "n_params": 20
}